Mutant;O1!=O1_mut;MR1;MR2;MR3;MR4;Du0;Existe diferencia;Killed
mut-LE2NE-4;1;1;0;1;0;0;1;1
mut-LE2GE-4;1;1;0;1;0;0;1;1
mut-LT2NE-1;0;0;0;0;0;0;0;0
mut-A2M-4;1;0;0;1;1;1;1;1
mut-LE2GE-1;1;1;1;1;1;1;1;1
mut-A2S-5;1;1;0;1;1;1;1;1
mut-LE2LT-1;1;1;0;1;1;1;1;1
mut-GT2LT-1;1;0;0;0;0;0;1;1
mut-GT2NE-4;0;0;0;0;0;0;0;0
mut-A2DV-4;1;0;0;1;1;1;1;1
mut-GT2LT-4;1;0;0;1;1;1;1;1
mut-A2S-2;1;0;0;1;1;1;1;1
mut-A2DV-2;1;0;0;1;1;1;1;1
mut-EQ2LE-1;0;0;0;0;0;0;0;0
mut-S2M-1;0;0;0;0;0;0;0;0
mut-LE2LT-4;1;1;0;1;1;1;1;1
mut-LE2GT-4;1;1;0;1;0;0;1;1
mut-S2A-1;0;0;0;0;0;0;0;0
mut-GT2LT-2;1;0;0;1;1;1;1;1
mut-LE2EQ-3;1;0;0;1;1;1;1;1
mut-LE2GE-2;1;1;0;0;1;1;1;1
mut-GT2LE-2;1;0;0;1;1;1;1;1
mut-LE2GT-2;1;1;0;1;0;0;1;1
mut-GT2LE-4;1;0;0;1;1;1;1;1
mut-A2DV-1;1;1;1;1;1;0;1;1
mut-LE2EQ-4;1;0;0;1;0;0;1;1
mut-GT2EQ-2;1;0;0;1;1;1;1;1
mut-LE2NE-3;1;0;0;1;1;1;1;1
mut-F2E-1;1;1;1;1;1;1;1;1
mut-A2M-2;1;0;0;1;1;1;1;1
mut-GT2EQ-3;1;0;0;1;1;1;1;1
mut-LT2EQ-1;1;0;0;0;0;0;1;1
mut-LE2GE-3;1;0;0;1;1;1;1;1
mut-C2D-2;0;0;0;0;0;0;0;0
mut-EQ2GT-1;1;1;0;1;1;1;1;1
mut-A2S-4;1;0;0;1;1;1;1;1
mut-LE2GT-3;1;0;0;1;1;1;1;1
mut-NE2GT-1;0;0;0;0;0;0;0;0
mut-D2C-1;1;0;0;0;0;0;1;1
mut-F2E-3;1;0;0;1;1;1;1;1
mut-LE2LT-2;1;1;0;1;1;1;1;1
mut-A2M-5;1;1;0;1;0;0;1;1
mut-C2D-1;0;0;0;0;0;1;1;1
mut-A2S-3;1;0;0;1;1;1;1;1
mut-LE2GT-1;1;1;1;1;1;1;1;1
mut-GT2NE-1;1;0;0;0;0;0;1;1
mut-NE2EQ-1;1;0;0;1;1;1;1;1
mut-EQ2NE-1;1;1;0;1;1;1;1;1
mut-GT2EQ-4;1;0;0;1;1;1;1;1
mut-GT2EQ-1;1;0;0;1;1;1;1;1
mut-F2E-2;1;0;0;1;1;1;1;1
mut-E2F-1;1;0;0;1;1;1;1;1
mut-A2S-1;1;1;1;1;1;1;1;1
mut-LE2EQ-1;1;0;0;0;0;0;1;1
mut-LT2GT-1;0;0;0;0;0;0;0;0
mut-CSWAP-1;1;1;1;0;0;1;1;1
mut-A2DV-5;1;1;0;1;1;1;1;1
mut-A2DV-3;1;0;0;1;1;1;1;1
mut-NE2LE-1;1;0;0;1;1;1;1;1
mut-GT2LE-3;1;0;0;1;1;1;1;1
mut-GT2LE-1;1;0;0;0;0;0;1;1
mut-GT2LT-3;1;0;0;1;1;1;1;1
mut-NE2LT-1;1;0;0;1;1;1;1;1
mut-LE2NE-2;1;1;0;1;1;1;1;1
mut-LE2EQ-2;1;1;0;0;1;1;1;1
mut-LT2GE-1;1;0;0;0;0;0;1;1
mut-LE2NE-1;1;1;1;1;1;1;1;1
mut-GT2NE-3;1;0;0;1;0;1;1;1
mut-EQ2LT-1;1;1;0;1;0;0;1;1
mut-A2M-3;1;1;0;1;1;1;1;1
mut-S2DV-1;1;0;0;1;1;1;1;1
mut-LE2LT-3;1;0;0;1;1;1;1;1
mut-GT2NE-2;0;0;0;0;0;0;1;0
mut-A2M-1;1;1;0;1;0;0;1;1
mut-LT2LE-1;1;0;0;0;0;0;1;1
mut-F2E-4;1;0;0;1;1;1;1;1
